Country,Country Code,Year,Food Production
United Arab Emirates,ARE,1990,30.49
United Arab Emirates,ARE,1991,37.94
United Arab Emirates,ARE,1992,47.59
United Arab Emirates,ARE,1993,51.2
United Arab Emirates,ARE,1994,55.17
United Arab Emirates,ARE,1995,65.9
United Arab Emirates,ARE,1996,72.74
United Arab Emirates,ARE,1997,89.92
United Arab Emirates,ARE,1998,94.43
United Arab Emirates,ARE,1999,144.31
United Arab Emirates,ARE,2000,174.0
United Arab Emirates,ARE,2001,105.01
United Arab Emirates,ARE,2002,102.55
United Arab Emirates,ARE,2003,92.07
United Arab Emirates,ARE,2004,102.29
United Arab Emirates,ARE,2005,105.26
United Arab Emirates,ARE,2006,92.45
United Arab Emirates,ARE,2007,92.47
United Arab Emirates,ARE,2008,103.07
United Arab Emirates,ARE,2009,101.17
United Arab Emirates,ARE,2010,110.01
United Arab Emirates,ARE,2011,64.26
United Arab Emirates,ARE,2012,64.57
United Arab Emirates,ARE,2013,66.66
United Arab Emirates,ARE,2014,83.01
United Arab Emirates,ARE,2015,98.59
United Arab Emirates,ARE,2016,102.28
Argentina,ARG,1990,63.01
Argentina,ARG,1991,65.3
Argentina,ARG,1992,65.31
Argentina,ARG,1993,64.75
Argentina,ARG,1994,68.92
Argentina,ARG,1995,73.95
Argentina,ARG,1996,71.66
Argentina,ARG,1997,77.2
Argentina,ARG,1998,83.42
Argentina,ARG,1999,85.68
Argentina,ARG,2000,85.91
Argentina,ARG,2001,87.07
Argentina,ARG,2002,86.56
Argentina,ARG,2003,90.49
Argentina,ARG,2004,92.2
Argentina,ARG,2005,104.41
Argentina,ARG,2006,103.39
Argentina,ARG,2007,113.93
Argentina,ARG,2008,115.12
Argentina,ARG,2009,96.74
Argentina,ARG,2010,112.66
Argentina,ARG,2011,117.48
Argentina,ARG,2012,108.03
Argentina,ARG,2013,118.14
Argentina,ARG,2014,121.22
Argentina,ARG,2015,129.02
Argentina,ARG,2016,129.11
Australia,AUS,1990,69.98
Australia,AUS,1991,69.26
Australia,AUS,1992,74.63
Australia,AUS,1993,78.22
Australia,AUS,1994,73.42
Australia,AUS,1995,80.79
Australia,AUS,1996,89.38
Australia,AUS,1997,89.86
Australia,AUS,1998,94.82
Australia,AUS,1999,100.95
Australia,AUS,2000,99.32
Australia,AUS,2001,100.93
Australia,AUS,2002,103.3
Australia,AUS,2003,84.24
Australia,AUS,2004,100.3
Australia,AUS,2005,98.03
Australia,AUS,2006,101.67
Australia,AUS,2007,86.21
Australia,AUS,2008,90.6
Australia,AUS,2009,98.33
Australia,AUS,2010,96.01
Australia,AUS,2011,102.35
Australia,AUS,2012,108.39
Australia,AUS,2013,108.59
Australia,AUS,2014,109.14
Australia,AUS,2015,109.72
Australia,AUS,2016,105.58
Azerbaijan,AZE,1992,79.15
Azerbaijan,AZE,1993,64.62
Azerbaijan,AZE,1994,58.43
Azerbaijan,AZE,1995,55.43
Azerbaijan,AZE,1996,62.03
Azerbaijan,AZE,1997,60.11
Azerbaijan,AZE,1998,63.57
Azerbaijan,AZE,1999,69.4
Azerbaijan,AZE,2000,75.87
Azerbaijan,AZE,2001,83.32
Azerbaijan,AZE,2002,88.59
Azerbaijan,AZE,2003,92.27
Azerbaijan,AZE,2004,90.1
Azerbaijan,AZE,2005,103.31
Azerbaijan,AZE,2006,106.59
Azerbaijan,AZE,2007,106.44
Azerbaijan,AZE,2008,112.2
Azerbaijan,AZE,2009,125.86
Azerbaijan,AZE,2010,124.69
Azerbaijan,AZE,2011,131.88
Azerbaijan,AZE,2012,138.14
Azerbaijan,AZE,2013,141.25
Azerbaijan,AZE,2014,136.46
Azerbaijan,AZE,2015,145.33
Azerbaijan,AZE,2016,148.08
Bulgaria,BGR,1990,175.89
Bulgaria,BGR,1991,148.52
Bulgaria,BGR,1992,147.96
Bulgaria,BGR,1993,117.73
Bulgaria,BGR,1994,121.25
Bulgaria,BGR,1995,135.18
Bulgaria,BGR,1996,111.7
Bulgaria,BGR,1997,117.15
Bulgaria,BGR,1998,116.81
Bulgaria,BGR,1999,119.58
Bulgaria,BGR,2000,112.46
Bulgaria,BGR,2001,110.2
Bulgaria,BGR,2002,102.38
Bulgaria,BGR,2003,93.67
Bulgaria,BGR,2004,115.85
Bulgaria,BGR,2005,87.49
Bulgaria,BGR,2006,96.66
Bulgaria,BGR,2007,80.78
Bulgaria,BGR,2008,110.92
Bulgaria,BGR,2009,99.44
Bulgaria,BGR,2010,111.78
Bulgaria,BGR,2011,111.39
Bulgaria,BGR,2012,104.96
Bulgaria,BGR,2013,126.69
Bulgaria,BGR,2014,127.15
Bulgaria,BGR,2015,125.6
Bulgaria,BGR,2016,129.85
Bahrain,BHR,1990,91.98
Bahrain,BHR,1991,97.19
Bahrain,BHR,1992,109.48
Bahrain,BHR,1993,106.86
Bahrain,BHR,1994,113.99
Bahrain,BHR,1995,121.13
Bahrain,BHR,1996,118.44
Bahrain,BHR,1997,115.85
Bahrain,BHR,1998,127.7
Bahrain,BHR,1999,121.82
Bahrain,BHR,2000,121.56
Bahrain,BHR,2001,104.07
Bahrain,BHR,2002,106.64
Bahrain,BHR,2003,102.57
Bahrain,BHR,2004,89.56
Bahrain,BHR,2005,91.5
Bahrain,BHR,2006,118.94
Bahrain,BHR,2007,115.33
Bahrain,BHR,2008,111.98
Bahrain,BHR,2009,128.4
Bahrain,BHR,2010,119.04
Bahrain,BHR,2011,164.38
Bahrain,BHR,2012,165.67
Bahrain,BHR,2013,203.34
Bahrain,BHR,2014,203.16
Bahrain,BHR,2015,201.56
Bahrain,BHR,2016,200.76
Brazil,BRA,1990,51.4
Brazil,BRA,1991,53.73
Brazil,BRA,1992,56.89
Brazil,BRA,1993,57.45
Brazil,BRA,1994,62.05
Brazil,BRA,1995,66.37
Brazil,BRA,1996,65.72
Brazil,BRA,1997,69.09
Brazil,BRA,1998,69.94
Brazil,BRA,1999,75.19
Brazil,BRA,2000,76.96
Brazil,BRA,2001,81.12
Brazil,BRA,2002,86.45
Brazil,BRA,2003,94.21
Brazil,BRA,2004,97.44
Brazil,BRA,2005,99.4
Brazil,BRA,2006,103.17
Brazil,BRA,2007,110.88
Brazil,BRA,2008,116.63
Brazil,BRA,2009,116.91
Brazil,BRA,2010,123.98
Brazil,BRA,2011,129.15
Brazil,BRA,2012,127.29
Brazil,BRA,2013,136.83
Brazil,BRA,2014,137.01
Brazil,BRA,2015,140.58
Brazil,BRA,2016,136.5
Brunei Darussalam,BRN,1990,27.79
Brunei Darussalam,BRN,1991,30.85
Brunei Darussalam,BRN,1992,41.31
Brunei Darussalam,BRN,1993,42.01
Brunei Darussalam,BRN,1994,44.79
Brunei Darussalam,BRN,1995,46.06
Brunei Darussalam,BRN,1996,40.22
Brunei Darussalam,BRN,1997,51.4
Brunei Darussalam,BRN,1998,59.1
Brunei Darussalam,BRN,1999,74.2
Brunei Darussalam,BRN,2000,83.95
Brunei Darussalam,BRN,2001,96.5
Brunei Darussalam,BRN,2002,107.48
Brunei Darussalam,BRN,2003,105.34
Brunei Darussalam,BRN,2004,102.65
Brunei Darussalam,BRN,2005,75.13
Brunei Darussalam,BRN,2006,122.23
Brunei Darussalam,BRN,2007,128.13
Brunei Darussalam,BRN,2008,132.07
Brunei Darussalam,BRN,2009,132.56
Brunei Darussalam,BRN,2010,139.11
Brunei Darussalam,BRN,2011,149.38
Brunei Darussalam,BRN,2012,153.91
Brunei Darussalam,BRN,2013,166.92
Brunei Darussalam,BRN,2014,166.57
Brunei Darussalam,BRN,2015,170.0
Brunei Darussalam,BRN,2016,169.47
Central African Republic,CAF,1990,62.49
Central African Republic,CAF,1991,63.88
Central African Republic,CAF,1992,67.27
Central African Republic,CAF,1993,68.62
Central African Republic,CAF,1994,69.98
Central African Republic,CAF,1995,74.19
Central African Republic,CAF,1996,82.47
Central African Republic,CAF,1997,82.04
Central African Republic,CAF,1998,84.33
Central African Republic,CAF,1999,83.95
Central African Republic,CAF,2000,92.66
Central African Republic,CAF,2001,90.12
Central African Republic,CAF,2002,91.88
Central African Republic,CAF,2003,89.6
Central African Republic,CAF,2004,94.86
Central African Republic,CAF,2005,101.43
Central African Republic,CAF,2006,103.71
Central African Republic,CAF,2007,108.82
Central African Republic,CAF,2008,110.14
Central African Republic,CAF,2009,113.47
Central African Republic,CAF,2010,114.31
Central African Republic,CAF,2011,120.29
Central African Republic,CAF,2012,121.3
Central African Republic,CAF,2013,122.81
Central African Republic,CAF,2014,115.31
Central African Republic,CAF,2015,118.44
Central African Republic,CAF,2016,119.99
Canada,CAN,1990,74.11
Canada,CAN,1991,73.52
Canada,CAN,1992,73.29
Canada,CAN,1993,73.04
Canada,CAN,1994,76.13
Canada,CAN,1995,78.53
Canada,CAN,1996,83.82
Canada,CAN,1997,82.82
Canada,CAN,1998,87.24
Canada,CAN,1999,93.52
Canada,CAN,2000,91.44
Canada,CAN,2001,84.91
Canada,CAN,2002,82.25
Canada,CAN,2003,88.71
Canada,CAN,2004,97.68
Canada,CAN,2005,101.59
Canada,CAN,2006,100.73
Canada,CAN,2007,100.43
Canada,CAN,2008,110.62
Canada,CAN,2009,108.61
Canada,CAN,2010,108.49
Canada,CAN,2011,109.19
Canada,CAN,2012,108.73
Canada,CAN,2013,120.15
Canada,CAN,2014,111.72
Canada,CAN,2015,113.96
Canada,CAN,2016,117.66
Switzerland,CHE,1990,105.83
Switzerland,CHE,1991,102.91
Switzerland,CHE,1992,107.54
Switzerland,CHE,1993,102.2
Switzerland,CHE,1994,99.26
Switzerland,CHE,1995,100.85
Switzerland,CHE,1996,102.4
Switzerland,CHE,1997,97.29
Switzerland,CHE,1998,106.56
Switzerland,CHE,1999,98.1
Switzerland,CHE,2000,102.12
Switzerland,CHE,2001,97.98
Switzerland,CHE,2002,100.39
Switzerland,CHE,2003,98.09
Switzerland,CHE,2004,101.64
Switzerland,CHE,2005,98.56
Switzerland,CHE,2006,99.8
Switzerland,CHE,2007,102.44
Switzerland,CHE,2008,102.37
Switzerland,CHE,2009,105.53
Switzerland,CHE,2010,104.12
Switzerland,CHE,2011,109.67
Switzerland,CHE,2012,105.85
Switzerland,CHE,2013,103.2
Switzerland,CHE,2014,108.01
Switzerland,CHE,2015,104.61
Switzerland,CHE,2016,102.84
Chile,CHL,1990,57.57
Chile,CHL,1991,59.86
Chile,CHL,1992,62.52
Chile,CHL,1993,66.47
Chile,CHL,1994,71.84
Chile,CHL,1995,76.2
Chile,CHL,1996,79.1
Chile,CHL,1997,79.33
Chile,CHL,1998,81.48
Chile,CHL,1999,80.86
Chile,CHL,2000,83.17
Chile,CHL,2001,89.76
Chile,CHL,2002,89.96
Chile,CHL,2003,91.78
Chile,CHL,2004,94.95
Chile,CHL,2005,99.61
Chile,CHL,2006,105.44
Chile,CHL,2007,102.06
Chile,CHL,2008,104.86
Chile,CHL,2009,104.56
Chile,CHL,2010,108.32
Chile,CHL,2011,112.03
Chile,CHL,2012,111.36
Chile,CHL,2013,111.37
Chile,CHL,2014,111.68
Chile,CHL,2015,111.84
Chile,CHL,2016,114.79
China,CHN,1990,48.12
China,CHN,1991,49.62
China,CHN,1992,52.32
China,CHN,1993,56.49
China,CHN,1994,59.93
China,CHN,1995,64.95
China,CHN,1996,69.7
China,CHN,1997,72.08
China,CHN,1998,76.41
China,CHN,1999,79.46
China,CHN,2000,83.36
China,CHN,2001,84.77
China,CHN,2002,88.66
China,CHN,2003,90.7
China,CHN,2004,96.48
China,CHN,2005,100.4
China,CHN,2006,103.12
China,CHN,2007,108.15
China,CHN,2008,113.95
China,CHN,2009,116.86
China,CHN,2010,119.96
China,CHN,2011,123.39
China,CHN,2012,127.7
China,CHN,2013,129.79
China,CHN,2014,131.86
China,CHN,2015,135.91
China,CHN,2016,139.03
Czech Republic,CZE,1993,131.28
Czech Republic,CZE,1994,105.51
Czech Republic,CZE,1995,106.92
Czech Republic,CZE,1996,106.44
Czech Republic,CZE,1997,104.16
Czech Republic,CZE,1998,107.65
Czech Republic,CZE,1999,106.59
Czech Republic,CZE,2000,101.66
Czech Republic,CZE,2001,105.3
Czech Republic,CZE,2002,95.84
Czech Republic,CZE,2003,89.16
Czech Republic,CZE,2004,105.32
Czech Republic,CZE,2005,98.83
Czech Republic,CZE,2006,95.86
Czech Republic,CZE,2007,101.16
Czech Republic,CZE,2008,103.71
Czech Republic,CZE,2009,99.46
Czech Republic,CZE,2010,92.99
Czech Republic,CZE,2011,100.68
Czech Republic,CZE,2012,92.42
Czech Republic,CZE,2013,96.37
Czech Republic,CZE,2014,102.8
Czech Republic,CZE,2015,98.0
Czech Republic,CZE,2016,102.48
Denmark,DNK,1990,94.74
Denmark,DNK,1991,94.08
Denmark,DNK,1992,90.96
Denmark,DNK,1993,97.67
Denmark,DNK,1994,93.95
Denmark,DNK,1995,96.94
Denmark,DNK,1996,95.88
Denmark,DNK,1997,97.36
Denmark,DNK,1998,99.27
Denmark,DNK,1999,98.1
Denmark,DNK,2000,98.45
Denmark,DNK,2001,99.54
Denmark,DNK,2002,99.4
Denmark,DNK,2003,99.73
Denmark,DNK,2004,101.14
Denmark,DNK,2005,101.54
Denmark,DNK,2006,97.32
Denmark,DNK,2007,100.95
Denmark,DNK,2008,103.89
Denmark,DNK,2009,104.36
Denmark,DNK,2010,102.05
Denmark,DNK,2011,105.13
Denmark,DNK,2012,105.62
Denmark,DNK,2013,101.8
Denmark,DNK,2014,104.93
Denmark,DNK,2015,107.03
Denmark,DNK,2016,103.33
East Asia & Pacific (excluding high income),EAP,1990,51.36320171
East Asia & Pacific (excluding high income),EAP,1991,53.12365709
East Asia & Pacific (excluding high income),EAP,1992,55.97538479
East Asia & Pacific (excluding high income),EAP,1993,59.46450637
East Asia & Pacific (excluding high income),EAP,1994,62.48405172
East Asia & Pacific (excluding high income),EAP,1995,66.91193501
East Asia & Pacific (excluding high income),EAP,1996,71.06587232
East Asia & Pacific (excluding high income),EAP,1997,72.86564299
East Asia & Pacific (excluding high income),EAP,1998,75.88531398
East Asia & Pacific (excluding high income),EAP,1999,79.26004920000001
East Asia & Pacific (excluding high income),EAP,2000,83.02088153
East Asia & Pacific (excluding high income),EAP,2001,84.98306342
East Asia & Pacific (excluding high income),EAP,2002,88.81571348
East Asia & Pacific (excluding high income),EAP,2003,91.64667673
East Asia & Pacific (excluding high income),EAP,2004,96.55617984
East Asia & Pacific (excluding high income),EAP,2005,100.186923
East Asia & Pacific (excluding high income),EAP,2006,103.7230687
East Asia & Pacific (excluding high income),EAP,2007,108.63872620000001
East Asia & Pacific (excluding high income),EAP,2008,114.20676019999999
East Asia & Pacific (excluding high income),EAP,2009,117.3350753
East Asia & Pacific (excluding high income),EAP,2010,120.00762749999998
East Asia & Pacific (excluding high income),EAP,2011,123.7691837
East Asia & Pacific (excluding high income),EAP,2012,128.5729131
East Asia & Pacific (excluding high income),EAP,2013,130.467951
East Asia & Pacific (excluding high income),EAP,2014,132.2415104
"Egypt, Arab Rep.",EGY,1990,53.66
"Egypt, Arab Rep.",EGY,1991,54.83
"Egypt, Arab Rep.",EGY,1992,58.94
"Egypt, Arab Rep.",EGY,1993,61.0
"Egypt, Arab Rep.",EGY,1994,61.66
"Egypt, Arab Rep.",EGY,1995,67.06
"Egypt, Arab Rep.",EGY,1996,73.27
"Egypt, Arab Rep.",EGY,1997,76.29
"Egypt, Arab Rep.",EGY,1998,76.18
"Egypt, Arab Rep.",EGY,1999,80.98
"Egypt, Arab Rep.",EGY,2000,84.93
"Egypt, Arab Rep.",EGY,2001,81.89
"Egypt, Arab Rep.",EGY,2002,86.91
"Egypt, Arab Rep.",EGY,2003,92.14
"Egypt, Arab Rep.",EGY,2004,95.45
"Egypt, Arab Rep.",EGY,2005,98.59
"Egypt, Arab Rep.",EGY,2006,105.97
"Egypt, Arab Rep.",EGY,2007,109.91
"Egypt, Arab Rep.",EGY,2008,115.57
"Egypt, Arab Rep.",EGY,2009,115.28
"Egypt, Arab Rep.",EGY,2010,107.68
"Egypt, Arab Rep.",EGY,2011,111.65
"Egypt, Arab Rep.",EGY,2012,118.75
"Egypt, Arab Rep.",EGY,2013,114.75
"Egypt, Arab Rep.",EGY,2014,120.11
"Egypt, Arab Rep.",EGY,2015,121.08
"Egypt, Arab Rep.",EGY,2016,124.98
Euro area,EMU,1990,95.81988731
Euro area,EMU,1991,95.14016366
Euro area,EMU,1992,97.31131888
Euro area,EMU,1993,93.66775578
Euro area,EMU,1994,92.03836839
Euro area,EMU,1995,91.59678926
Euro area,EMU,1996,97.24131256
Euro area,EMU,1997,97.1098946
Euro area,EMU,1998,97.01093730000001
Euro area,EMU,1999,100.819544
Euro area,EMU,2000,100.7817204
Euro area,EMU,2001,98.8717692
Euro area,EMU,2002,99.1266542
Euro area,EMU,2003,97.59570585
Euro area,EMU,2004,102.0149448
Euro area,EMU,2005,98.66025617
Euro area,EMU,2006,97.58246652
Euro area,EMU,2007,97.67754132
Euro area,EMU,2008,100.0715342
Euro area,EMU,2009,102.1303958
Euro area,EMU,2010,101.5960676
Euro area,EMU,2011,102.8162447
Euro area,EMU,2012,98.95804881
Euro area,EMU,2013,102.22555320000001
Euro area,EMU,2014,101.968118
Fiji,FJI,1990,107.89
Fiji,FJI,1991,96.09
Fiji,FJI,1992,99.38
Fiji,FJI,1993,97.67
Fiji,FJI,1994,103.81
Fiji,FJI,1995,106.7
Fiji,FJI,1996,104.67
Fiji,FJI,1997,99.77
Fiji,FJI,1998,81.8
Fiji,FJI,1999,100.78
Fiji,FJI,2000,100.57
Fiji,FJI,2001,92.47
Fiji,FJI,2002,97.2
Fiji,FJI,2003,90.62
Fiji,FJI,2004,97.17
Fiji,FJI,2005,98.65
Fiji,FJI,2006,104.18
Fiji,FJI,2007,95.2
Fiji,FJI,2008,93.32
Fiji,FJI,2009,87.12
Fiji,FJI,2010,81.09
Fiji,FJI,2011,93.08
Fiji,FJI,2012,76.52
Fiji,FJI,2013,85.81
Fiji,FJI,2014,87.72
Fiji,FJI,2015,84.85
Fiji,FJI,2016,83.03
United Kingdom,GBR,1990,107.2
United Kingdom,GBR,1991,109.58
United Kingdom,GBR,1992,110.59
United Kingdom,GBR,1993,107.3
United Kingdom,GBR,1994,107.24
United Kingdom,GBR,1995,108.54
United Kingdom,GBR,1996,107.45
United Kingdom,GBR,1997,106.97
United Kingdom,GBR,1998,106.78
United Kingdom,GBR,1999,106.61
United Kingdom,GBR,2000,103.9
United Kingdom,GBR,2001,94.62
United Kingdom,GBR,2002,100.81
United Kingdom,GBR,2003,99.11
United Kingdom,GBR,2004,99.67
United Kingdom,GBR,2005,99.93
United Kingdom,GBR,2006,100.4
United Kingdom,GBR,2007,98.14
United Kingdom,GBR,2008,102.88
United Kingdom,GBR,2009,99.74
United Kingdom,GBR,2010,102.42
United Kingdom,GBR,2011,106.48
United Kingdom,GBR,2012,99.7
United Kingdom,GBR,2013,101.73
United Kingdom,GBR,2014,109.5
United Kingdom,GBR,2015,109.56
United Kingdom,GBR,2016,103.82
"Hong Kong SAR, China",HKG,1990,161.04
"Hong Kong SAR, China",HKG,1991,136.3
"Hong Kong SAR, China",HKG,1992,95.93
"Hong Kong SAR, China",HKG,1993,104.38
"Hong Kong SAR, China",HKG,1994,72.18
"Hong Kong SAR, China",HKG,1995,83.28
"Hong Kong SAR, China",HKG,1996,86.62
"Hong Kong SAR, China",HKG,1997,90.99
"Hong Kong SAR, China",HKG,1998,98.6
"Hong Kong SAR, China",HKG,1999,109.58
"Hong Kong SAR, China",HKG,2000,109.43
"Hong Kong SAR, China",HKG,2001,112.7
"Hong Kong SAR, China",HKG,2002,103.78
"Hong Kong SAR, China",HKG,2003,96.94
"Hong Kong SAR, China",HKG,2004,99.32
"Hong Kong SAR, China",HKG,2005,98.89
"Hong Kong SAR, China",HKG,2006,101.8
"Hong Kong SAR, China",HKG,2007,86.36
"Hong Kong SAR, China",HKG,2008,49.26
"Hong Kong SAR, China",HKG,2009,54.06
"Hong Kong SAR, China",HKG,2010,54.77
"Hong Kong SAR, China",HKG,2011,56.01
"Hong Kong SAR, China",HKG,2012,58.11
"Hong Kong SAR, China",HKG,2013,59.07
"Hong Kong SAR, China",HKG,2014,58.82
"Hong Kong SAR, China",HKG,2015,59.04
"Hong Kong SAR, China",HKG,2016,59.3
Hungary,HUN,1990,120.91
Hungary,HUN,1991,123.03
Hungary,HUN,1992,97.68
Hungary,HUN,1993,89.47
Hungary,HUN,1994,89.55
Hungary,HUN,1995,87.46
Hungary,HUN,1996,93.48
Hungary,HUN,1997,96.94
Hungary,HUN,1998,95.93
Hungary,HUN,1999,91.23
Hungary,HUN,2000,91.3
Hungary,HUN,2001,104.44
Hungary,HUN,2002,90.59
Hungary,HUN,2003,83.3
Hungary,HUN,2004,110.78
Hungary,HUN,2005,95.11
Hungary,HUN,2006,94.12
Hungary,HUN,2007,82.46
Hungary,HUN,2008,103.98
Hungary,HUN,2009,93.11
Hungary,HUN,2010,79.49
Hungary,HUN,2011,87.92
Hungary,HUN,2012,80.47
Hungary,HUN,2013,90.09
Hungary,HUN,2014,98.88
Hungary,HUN,2015,91.89
Hungary,HUN,2016,87.2
Indonesia,IDN,1990,61.88
Indonesia,IDN,1991,62.98
Indonesia,IDN,1992,68.13
Indonesia,IDN,1993,68.9
Indonesia,IDN,1994,70.18
Indonesia,IDN,1995,76.56
Indonesia,IDN,1996,78.0
Indonesia,IDN,1997,75.11
Indonesia,IDN,1998,75.11
Indonesia,IDN,1999,75.39
Indonesia,IDN,2000,78.08
Indonesia,IDN,2001,80.48
Indonesia,IDN,2002,85.79
Indonesia,IDN,2003,91.86
Indonesia,IDN,2004,95.72
Indonesia,IDN,2005,98.01
Indonesia,IDN,2006,106.27
Indonesia,IDN,2007,108.82
Indonesia,IDN,2008,113.84
Indonesia,IDN,2009,121.03
Indonesia,IDN,2010,123.78
Indonesia,IDN,2011,126.36
Indonesia,IDN,2012,136.08
Indonesia,IDN,2013,137.21
Indonesia,IDN,2014,140.39
Indonesia,IDN,2015,143.84
Indonesia,IDN,2016,144.56
India,IND,1990,70.13
India,IND,1991,71.13
India,IND,1992,74.12
India,IND,1993,76.9
India,IND,1994,79.03
India,IND,1995,81.05
India,IND,1996,84.09
India,IND,1997,86.51
India,IND,1998,88.02
India,IND,1999,92.14
India,IND,2000,91.53
India,IND,2001,94.63
India,IND,2002,87.38
India,IND,2003,96.38
India,IND,2004,94.74
India,IND,2005,100.03
India,IND,2006,105.23
India,IND,2007,114.49
India,IND,2008,117.0
India,IND,2009,114.27
India,IND,2010,123.19
India,IND,2011,130.87
India,IND,2012,133.81
India,IND,2013,139.06
India,IND,2014,142.88
India,IND,2015,141.0
India,IND,2016,144.39
Israel,ISR,1990,72.63
Israel,ISR,1991,65.38
Israel,ISR,1992,68.84
Israel,ISR,1993,69.62
Israel,ISR,1994,71.38
Israel,ISR,1995,77.28
Israel,ISR,1996,77.48
Israel,ISR,1997,76.47
Israel,ISR,1998,77.84
Israel,ISR,1999,79.65
Israel,ISR,2000,87.65
Israel,ISR,2001,87.47
Israel,ISR,2002,94.36
Israel,ISR,2003,92.43
Israel,ISR,2004,100.04
Israel,ISR,2005,100.03
Israel,ISR,2006,99.93
Israel,ISR,2007,103.78
Israel,ISR,2008,104.07
Israel,ISR,2009,105.11
Israel,ISR,2010,104.93
Israel,ISR,2011,105.77
Israel,ISR,2012,108.92
Israel,ISR,2013,108.83
Israel,ISR,2014,110.36
Israel,ISR,2015,106.64
Israel,ISR,2016,109.69
Japan,JPN,1990,114.0
Japan,JPN,1991,110.19
Japan,JPN,1992,113.91
Japan,JPN,1993,106.21
Japan,JPN,1994,112.9
Japan,JPN,1995,109.66
Japan,JPN,1996,107.34
Japan,JPN,1997,107.67
Japan,JPN,1998,103.03
Japan,JPN,1999,104.1
Japan,JPN,2000,103.58
Japan,JPN,2001,101.57
Japan,JPN,2002,102.55
Japan,JPN,2003,99.22
Japan,JPN,2004,99.97
Japan,JPN,2005,101.0
Japan,JPN,2006,99.03
Japan,JPN,2007,100.64
Japan,JPN,2008,101.2
Japan,JPN,2009,99.76
Japan,JPN,2010,97.4
Japan,JPN,2011,95.79
Japan,JPN,2012,97.4
Japan,JPN,2013,97.02
Japan,JPN,2014,96.87
Japan,JPN,2015,95.79
Japan,JPN,2016,92.18
"Korea, Rep.",KOR,1990,79.29
"Korea, Rep.",KOR,1991,78.27
"Korea, Rep.",KOR,1992,85.96
"Korea, Rep.",KOR,1993,86.53
"Korea, Rep.",KOR,1994,87.14
"Korea, Rep.",KOR,1995,91.91
"Korea, Rep.",KOR,1996,96.7
"Korea, Rep.",KOR,1997,99.1
"Korea, Rep.",KOR,1998,97.76
"Korea, Rep.",KOR,1999,102.79
"Korea, Rep.",KOR,2000,103.51
"Korea, Rep.",KOR,2001,103.56
"Korea, Rep.",KOR,2002,100.41
"Korea, Rep.",KOR,2003,98.43
"Korea, Rep.",KOR,2004,99.32
"Korea, Rep.",KOR,2005,99.9
"Korea, Rep.",KOR,2006,100.78
"Korea, Rep.",KOR,2007,101.47
"Korea, Rep.",KOR,2008,104.7
"Korea, Rep.",KOR,2009,107.62
"Korea, Rep.",KOR,2010,101.23
"Korea, Rep.",KOR,2011,98.02
"Korea, Rep.",KOR,2012,99.3
"Korea, Rep.",KOR,2013,103.61
"Korea, Rep.",KOR,2014,106.12
"Korea, Rep.",KOR,2015,104.3
"Korea, Rep.",KOR,2016,102.84
Kuwait,KWT,1990,47.57
Kuwait,KWT,1991,7.05
Kuwait,KWT,1992,13.96
Kuwait,KWT,1993,31.81
Kuwait,KWT,1994,46.63
Kuwait,KWT,1995,52.53
Kuwait,KWT,1996,59.58
Kuwait,KWT,1997,64.04
Kuwait,KWT,1998,69.23
Kuwait,KWT,1999,74.26
Kuwait,KWT,2000,77.2
Kuwait,KWT,2001,82.51
Kuwait,KWT,2002,82.25
Kuwait,KWT,2003,90.99
Kuwait,KWT,2004,95.98
Kuwait,KWT,2005,96.84
Kuwait,KWT,2006,107.17
Kuwait,KWT,2007,116.48
Kuwait,KWT,2008,107.66
Kuwait,KWT,2009,130.02
Kuwait,KWT,2010,130.54
Kuwait,KWT,2011,173.82
Kuwait,KWT,2012,175.3
Kuwait,KWT,2013,196.62
Kuwait,KWT,2014,190.2
Kuwait,KWT,2015,191.25
Kuwait,KWT,2016,191.59
Sri Lanka,LKA,1990,85.11
Sri Lanka,LKA,1991,81.84
Sri Lanka,LKA,1992,82.66
Sri Lanka,LKA,1993,88.05
Sri Lanka,LKA,1994,94.41
Sri Lanka,LKA,1995,96.99
Sri Lanka,LKA,1996,85.09
Sri Lanka,LKA,1997,87.57
Sri Lanka,LKA,1998,89.4
Sri Lanka,LKA,1999,93.21
Sri Lanka,LKA,2000,95.29
Sri Lanka,LKA,2001,92.35
Sri Lanka,LKA,2002,94.16
Sri Lanka,LKA,2003,97.94
Sri Lanka,LKA,2004,93.25
Sri Lanka,LKA,2005,102.32
Sri Lanka,LKA,2006,104.42
Sri Lanka,LKA,2007,103.33
Sri Lanka,LKA,2008,115.11
Sri Lanka,LKA,2009,113.5
Sri Lanka,LKA,2010,124.68
Sri Lanka,LKA,2011,118.99
Sri Lanka,LKA,2012,124.86
Sri Lanka,LKA,2013,139.8
Sri Lanka,LKA,2014,125.25
Sri Lanka,LKA,2015,130.6
Sri Lanka,LKA,2016,131.27
Morocco,MAR,1990,69.35
Morocco,MAR,1991,78.95
Morocco,MAR,1992,62.72
Morocco,MAR,1993,62.98
Morocco,MAR,1994,78.47
Morocco,MAR,1995,55.4
Morocco,MAR,1996,84.29
Morocco,MAR,1997,73.04
Morocco,MAR,1998,82.94
Morocco,MAR,1999,77.44
Morocco,MAR,2000,72.03
Morocco,MAR,2001,77.25
Morocco,MAR,2002,83.59
Morocco,MAR,2003,96.31
Morocco,MAR,2004,96.98
Morocco,MAR,2005,93.2
Morocco,MAR,2006,109.82
Morocco,MAR,2007,92.75
Morocco,MAR,2008,102.45
Morocco,MAR,2009,121.41
Morocco,MAR,2010,125.06
Morocco,MAR,2011,128.37
Morocco,MAR,2012,123.11
Morocco,MAR,2013,127.77
Morocco,MAR,2014,131.56
Morocco,MAR,2015,139.01
Morocco,MAR,2016,118.49
Madagascar,MDG,1990,81.42
Madagascar,MDG,1991,82.77
Madagascar,MDG,1992,84.11
Madagascar,MDG,1993,87.63
Madagascar,MDG,1994,84.28
Madagascar,MDG,1995,87.35
Madagascar,MDG,1996,89.04
Madagascar,MDG,1997,90.89
Madagascar,MDG,1998,89.23
Madagascar,MDG,1999,90.88
Madagascar,MDG,2000,88.86
Madagascar,MDG,2001,87.84
Madagascar,MDG,2002,86.06
Madagascar,MDG,2003,88.48
Madagascar,MDG,2004,91.96
Madagascar,MDG,2005,102.8
Madagascar,MDG,2006,105.24
Madagascar,MDG,2007,107.55
Madagascar,MDG,2008,110.87
Madagascar,MDG,2009,116.44
Madagascar,MDG,2010,118.98
Madagascar,MDG,2011,120.57
Madagascar,MDG,2012,126.8
Madagascar,MDG,2013,119.99
Madagascar,MDG,2014,123.75
Madagascar,MDG,2015,120.05
Madagascar,MDG,2016,121.29
Mexico,MEX,1990,65.92
Mexico,MEX,1991,68.75
Mexico,MEX,1992,69.03
Mexico,MEX,1993,71.9
Mexico,MEX,1994,73.77
Mexico,MEX,1995,78.45
Mexico,MEX,1996,76.16
Mexico,MEX,1997,79.49
Mexico,MEX,1998,82.09
Mexico,MEX,1999,87.13
Mexico,MEX,2000,88.41
Mexico,MEX,2001,92.57
Mexico,MEX,2002,92.5
Mexico,MEX,2003,94.9
Mexico,MEX,2004,98.06
Mexico,MEX,2005,98.48
Mexico,MEX,2006,103.46
Mexico,MEX,2007,104.79
Mexico,MEX,2008,105.51
Mexico,MEX,2009,105.21
Mexico,MEX,2010,107.47
Mexico,MEX,2011,108.25
Mexico,MEX,2012,112.52
Mexico,MEX,2013,115.29
Mexico,MEX,2014,117.33
Mexico,MEX,2015,119.88
Mexico,MEX,2016,126.72
Malaysia,MYS,1990,53.65
Malaysia,MYS,1991,55.19
Malaysia,MYS,1992,57.86
Malaysia,MYS,1993,64.53
Malaysia,MYS,1994,64.38
Malaysia,MYS,1995,66.94
Malaysia,MYS,1996,69.45
Malaysia,MYS,1997,72.18
Malaysia,MYS,1998,68.28
Malaysia,MYS,1999,76.7
Malaysia,MYS,2000,78.01
Malaysia,MYS,2001,82.75
Malaysia,MYS,2002,84.44
Malaysia,MYS,2003,91.57
Malaysia,MYS,2004,94.89
Malaysia,MYS,2005,100.28
Malaysia,MYS,2006,104.83
Malaysia,MYS,2007,105.47
Malaysia,MYS,2008,115.0
Malaysia,MYS,2009,115.11
Malaysia,MYS,2010,114.7
Malaysia,MYS,2011,124.44
Malaysia,MYS,2012,125.13
Malaysia,MYS,2013,128.68
Malaysia,MYS,2014,129.21
Malaysia,MYS,2015,129.93
Malaysia,MYS,2016,131.3
Norway,NOR,1990,109.06
Norway,NOR,1991,96.85
Norway,NOR,1992,96.9
Norway,NOR,1993,97.47
Norway,NOR,1994,93.81
Norway,NOR,1995,95.97
Norway,NOR,1996,98.23
Norway,NOR,1997,97.03
Norway,NOR,1998,99.06
Norway,NOR,1999,98.03
Norway,NOR,2000,96.7
Norway,NOR,2001,94.7
Norway,NOR,2002,95.22
Norway,NOR,2003,97.11
Norway,NOR,2004,100.81
Norway,NOR,2005,99.11
Norway,NOR,2006,100.09
Norway,NOR,2007,100.61
Norway,NOR,2008,102.24
Norway,NOR,2009,99.93
Norway,NOR,2010,101.61
Norway,NOR,2011,98.03
Norway,NOR,2012,101.64
Norway,NOR,2013,104.02
Norway,NOR,2014,105.97
Norway,NOR,2015,107.67
Norway,NOR,2016,107.38
New Zealand,NZL,1990,65.05
New Zealand,NZL,1991,69.07
New Zealand,NZL,1992,70.95
New Zealand,NZL,1993,72.74
New Zealand,NZL,1994,76.18
New Zealand,NZL,1995,77.85
New Zealand,NZL,1996,79.56
New Zealand,NZL,1997,84.23
New Zealand,NZL,1998,84.89
New Zealand,NZL,1999,80.7
New Zealand,NZL,2000,86.57
New Zealand,NZL,2001,90.25
New Zealand,NZL,2002,91.63
New Zealand,NZL,2003,96.42
New Zealand,NZL,2004,101.18
New Zealand,NZL,2005,99.03
New Zealand,NZL,2006,99.79
New Zealand,NZL,2007,102.63
New Zealand,NZL,2008,102.66
New Zealand,NZL,2009,103.25
New Zealand,NZL,2010,104.76
New Zealand,NZL,2011,105.72
New Zealand,NZL,2012,110.66
New Zealand,NZL,2013,111.2
New Zealand,NZL,2014,117.83
New Zealand,NZL,2015,120.13
New Zealand,NZL,2016,119.15
Oman,OMN,1990,52.69
Oman,OMN,1991,56.09
Oman,OMN,1992,58.72
Oman,OMN,1993,63.93
Oman,OMN,1994,68.56
Oman,OMN,1995,69.96
Oman,OMN,1996,69.88
Oman,OMN,1997,72.29
Oman,OMN,1998,83.13
Oman,OMN,1999,93.36
Oman,OMN,2000,88.82
Oman,OMN,2001,90.54
Oman,OMN,2002,81.79
Oman,OMN,2003,77.99
Oman,OMN,2004,90.3
Oman,OMN,2005,111.99
Oman,OMN,2006,97.7
Oman,OMN,2007,101.19
Oman,OMN,2008,101.06
Oman,OMN,2009,100.0
Oman,OMN,2010,119.52
Oman,OMN,2011,111.92
Oman,OMN,2012,124.25
Oman,OMN,2013,128.29
Oman,OMN,2014,132.81
Oman,OMN,2015,145.11
Oman,OMN,2016,146.22
Pakistan,PAK,1990,60.53
Pakistan,PAK,1991,63.5
Pakistan,PAK,1992,64.89
Pakistan,PAK,1993,69.28
Pakistan,PAK,1994,71.91
Pakistan,PAK,1995,77.69
Pakistan,PAK,1996,79.19
Pakistan,PAK,1997,80.82
Pakistan,PAK,1998,84.75
Pakistan,PAK,1999,86.86
Pakistan,PAK,2000,88.55
Pakistan,PAK,2001,86.69
Pakistan,PAK,2002,88.23
Pakistan,PAK,2003,91.98
Pakistan,PAK,2004,96.17
Pakistan,PAK,2005,100.53
Pakistan,PAK,2006,103.3
Pakistan,PAK,2007,108.38
Pakistan,PAK,2008,113.17
Pakistan,PAK,2009,115.3
Pakistan,PAK,2010,113.79
Pakistan,PAK,2011,120.57
Pakistan,PAK,2012,120.58
Pakistan,PAK,2013,127.88
Pakistan,PAK,2014,129.18
Pakistan,PAK,2015,131.05
Pakistan,PAK,2016,130.37
Peru,PER,1990,50.38
Peru,PER,1991,52.52
Peru,PER,1992,49.89
Peru,PER,1993,52.95
Peru,PER,1994,59.75
Peru,PER,1995,63.73
Peru,PER,1996,69.4
Peru,PER,1997,74.03
Peru,PER,1998,72.85
Peru,PER,1999,82.81
Peru,PER,2000,86.39
Peru,PER,2001,84.83
Peru,PER,2002,90.2
Peru,PER,2003,93.78
Peru,PER,2004,93.17
Peru,PER,2005,99.91
Peru,PER,2006,106.91
Peru,PER,2007,110.93
Peru,PER,2008,121.47
Peru,PER,2009,124.02
Peru,PER,2010,131.02
Peru,PER,2011,133.94
Peru,PER,2012,142.35
Peru,PER,2013,148.26
Peru,PER,2014,149.4
Peru,PER,2015,149.46
Peru,PER,2016,151.81
Philippines,PHL,1990,67.48
Philippines,PHL,1991,71.26
Philippines,PHL,1992,71.22
Philippines,PHL,1993,73.38
Philippines,PHL,1994,76.45
Philippines,PHL,1995,75.99
Philippines,PHL,1996,81.93
Philippines,PHL,1997,82.36
Philippines,PHL,1998,75.7
Philippines,PHL,1999,83.47
Philippines,PHL,2000,85.78
Philippines,PHL,2001,88.98
Philippines,PHL,2002,91.8
Philippines,PHL,2003,94.72
Philippines,PHL,2004,97.42
Philippines,PHL,2005,99.63
Philippines,PHL,2006,102.95
Philippines,PHL,2007,109.32
Philippines,PHL,2008,113.23
Philippines,PHL,2009,112.77
Philippines,PHL,2010,111.8
Philippines,PHL,2011,116.82
Philippines,PHL,2012,120.59
Philippines,PHL,2013,121.76
Philippines,PHL,2014,117.46
Philippines,PHL,2015,116.33
Philippines,PHL,2016,113.99
Papua New Guinea,PNG,1990,69.17
Papua New Guinea,PNG,1991,70.82
Papua New Guinea,PNG,1992,73.95
Papua New Guinea,PNG,1993,76.21
Papua New Guinea,PNG,1994,76.35
Papua New Guinea,PNG,1995,77.45
Papua New Guinea,PNG,1996,81.37
Papua New Guinea,PNG,1997,82.46
Papua New Guinea,PNG,1998,84.23
Papua New Guinea,PNG,1999,87.56
Papua New Guinea,PNG,2000,90.47
Papua New Guinea,PNG,2001,90.38
Papua New Guinea,PNG,2002,93.03
Papua New Guinea,PNG,2003,95.56
Papua New Guinea,PNG,2004,97.66
Papua New Guinea,PNG,2005,98.61
Papua New Guinea,PNG,2006,103.73
Papua New Guinea,PNG,2007,109.41
Papua New Guinea,PNG,2008,112.12
Papua New Guinea,PNG,2009,113.89
Papua New Guinea,PNG,2010,112.61
Papua New Guinea,PNG,2011,116.0
Papua New Guinea,PNG,2012,117.17
Papua New Guinea,PNG,2013,119.66
Papua New Guinea,PNG,2014,120.91
Papua New Guinea,PNG,2015,121.65
Papua New Guinea,PNG,2016,123.05
Poland,POL,1990,110.34
Poland,POL,1991,103.17
Poland,POL,1992,92.96
Poland,POL,1993,99.63
Poland,POL,1994,84.78
Poland,POL,1995,90.69
Poland,POL,1996,96.04
Poland,POL,1997,92.38
Poland,POL,1998,98.2
Poland,POL,1999,92.95
Poland,POL,2000,92.39
Poland,POL,2001,95.83
Poland,POL,2002,96.14
Poland,POL,2003,96.95
Poland,POL,2004,101.05
Poland,POL,2005,98.59
Poland,POL,2006,100.36
Poland,POL,2007,99.91
Poland,POL,2008,102.0
Poland,POL,2009,106.63
Poland,POL,2010,101.81
Poland,POL,2011,104.35
Poland,POL,2012,108.62
Poland,POL,2013,110.48
Poland,POL,2014,117.1
Poland,POL,2015,109.99
Poland,POL,2016,117.6
Russian Federation,RUS,1992,122.84
Russian Federation,RUS,1993,122.73
Russian Federation,RUS,1994,109.31
Russian Federation,RUS,1995,105.57
Russian Federation,RUS,1996,99.91
Russian Federation,RUS,1997,100.36
Russian Federation,RUS,1998,87.89
Russian Federation,RUS,1999,89.06
Russian Federation,RUS,2000,91.88
Russian Federation,RUS,2001,91.5
Russian Federation,RUS,2002,100.64
Russian Federation,RUS,2003,95.11
Russian Federation,RUS,2004,97.34
Russian Federation,RUS,2005,100.18
Russian Federation,RUS,2006,102.48
Russian Federation,RUS,2007,111.97
Russian Federation,RUS,2008,117.56
Russian Federation,RUS,2009,123.13
Russian Federation,RUS,2010,109.47
Russian Federation,RUS,2011,129.57
Russian Federation,RUS,2012,124.72
Russian Federation,RUS,2013,131.65
Russian Federation,RUS,2014,132.1
Russian Federation,RUS,2015,136.57
Russian Federation,RUS,2016,147.45
Saudi Arabia,SAU,1990,71.38
Saudi Arabia,SAU,1991,72.83
Saudi Arabia,SAU,1992,76.36
Saudi Arabia,SAU,1993,74.21
Saudi Arabia,SAU,1994,72.66
Saudi Arabia,SAU,1995,72.26
Saudi Arabia,SAU,1996,70.84
Saudi Arabia,SAU,1997,79.35
Saudi Arabia,SAU,1998,81.56
Saudi Arabia,SAU,1999,77.8
Saudi Arabia,SAU,2000,81.7
Saudi Arabia,SAU,2001,88.23
Saudi Arabia,SAU,2002,89.05
Saudi Arabia,SAU,2003,92.5
Saudi Arabia,SAU,2004,98.04
Saudi Arabia,SAU,2005,100.38
Saudi Arabia,SAU,2006,101.58
Saudi Arabia,SAU,2007,103.11
Saudi Arabia,SAU,2008,103.79
Saudi Arabia,SAU,2009,100.64
Saudi Arabia,SAU,2010,103.75
Saudi Arabia,SAU,2011,104.02
Saudi Arabia,SAU,2012,103.82
Saudi Arabia,SAU,2013,106.49
Saudi Arabia,SAU,2014,96.01
Saudi Arabia,SAU,2015,102.2
Saudi Arabia,SAU,2016,107.06
Singapore,SGP,1990,490.79
Singapore,SGP,1991,416.36
Singapore,SGP,1992,339.02
Singapore,SGP,1993,220.41
Singapore,SGP,1994,163.03
Singapore,SGP,1995,162.8
Singapore,SGP,1996,131.4
Singapore,SGP,1997,181.07
Singapore,SGP,1998,159.98
Singapore,SGP,1999,171.37
Singapore,SGP,2000,69.97
Singapore,SGP,2001,71.08
Singapore,SGP,2002,93.14
Singapore,SGP,2003,101.93
Singapore,SGP,2004,116.67
Singapore,SGP,2005,90.05
Singapore,SGP,2006,93.29
Singapore,SGP,2007,95.94
Singapore,SGP,2008,89.3
Singapore,SGP,2009,91.81
Singapore,SGP,2010,92.25
Singapore,SGP,2011,101.12
Singapore,SGP,2012,104.97
Singapore,SGP,2013,112.0
Singapore,SGP,2014,111.7
Singapore,SGP,2015,109.5
Singapore,SGP,2016,114.9
Solomon Islands,SLB,1990,62.12
Solomon Islands,SLB,1991,67.03
Solomon Islands,SLB,1992,71.98
Solomon Islands,SLB,1993,70.66
Solomon Islands,SLB,1994,71.33
Solomon Islands,SLB,1995,77.69
Solomon Islands,SLB,1996,79.02
Solomon Islands,SLB,1997,82.09
Solomon Islands,SLB,1998,83.76
Solomon Islands,SLB,1999,79.28
Solomon Islands,SLB,2000,81.62
Solomon Islands,SLB,2001,78.78
Solomon Islands,SLB,2002,79.56
Solomon Islands,SLB,2003,81.58
Solomon Islands,SLB,2004,91.96
Solomon Islands,SLB,2005,103.19
Solomon Islands,SLB,2006,104.84
Solomon Islands,SLB,2007,112.32
Solomon Islands,SLB,2008,116.88
Solomon Islands,SLB,2009,107.67
Solomon Islands,SLB,2010,110.74
Solomon Islands,SLB,2011,112.05
Solomon Islands,SLB,2012,112.13
Solomon Islands,SLB,2013,115.05
Solomon Islands,SLB,2014,117.03
Solomon Islands,SLB,2015,116.07
Solomon Islands,SLB,2016,112.42
Sweden,SWE,1990,110.38
Sweden,SWE,1991,92.82
Sweden,SWE,1992,90.02
Sweden,SWE,1993,102.04
Sweden,SWE,1994,97.25
Sweden,SWE,1995,97.86
Sweden,SWE,1996,102.53
Sweden,SWE,1997,104.64
Sweden,SWE,1998,104.01
Sweden,SWE,1999,100.1
Sweden,SWE,2000,101.76
Sweden,SWE,2001,100.41
Sweden,SWE,2002,101.46
Sweden,SWE,2003,100.25
Sweden,SWE,2004,102.6
Sweden,SWE,2005,100.07
Sweden,SWE,2006,97.33
Sweden,SWE,2007,95.8
Sweden,SWE,2008,96.41
Sweden,SWE,2009,97.56
Sweden,SWE,2010,95.99
Sweden,SWE,2011,96.05
Sweden,SWE,2012,95.05
Sweden,SWE,2013,95.99
Sweden,SWE,2014,101.23
Sweden,SWE,2015,103.08
Sweden,SWE,2016,99.64
Seychelles,SYC,1990,120.8
Seychelles,SYC,1991,123.0
Seychelles,SYC,1992,115.26
Seychelles,SYC,1993,120.06
Seychelles,SYC,1994,135.14
Seychelles,SYC,1995,156.93
Seychelles,SYC,1996,150.24
Seychelles,SYC,1997,163.38
Seychelles,SYC,1998,150.88
Seychelles,SYC,1999,150.74
Seychelles,SYC,2000,151.04
Seychelles,SYC,2001,146.95
Seychelles,SYC,2002,120.04
Seychelles,SYC,2003,117.19
Seychelles,SYC,2004,106.04
Seychelles,SYC,2005,98.51
Seychelles,SYC,2006,95.45
Seychelles,SYC,2007,100.62
Seychelles,SYC,2008,100.17
Seychelles,SYC,2009,93.72
Seychelles,SYC,2010,95.67
Seychelles,SYC,2011,106.37
Seychelles,SYC,2012,107.98
Seychelles,SYC,2013,110.56
Seychelles,SYC,2014,112.81
Seychelles,SYC,2015,105.26
Seychelles,SYC,2016,103.99
Thailand,THA,1990,68.44
Thailand,THA,1991,75.38
Thailand,THA,1992,77.92
Thailand,THA,1993,76.35
Thailand,THA,1994,78.9
Thailand,THA,1995,80.2
Thailand,THA,1996,82.9
Thailand,THA,1997,84.5
Thailand,THA,1998,80.85
Thailand,THA,1999,85.06
Thailand,THA,2000,92.33
Thailand,THA,2001,96.64
Thailand,THA,2002,97.63
Thailand,THA,2003,103.72
Thailand,THA,2004,100.1
Thailand,THA,2005,98.03
Thailand,THA,2006,101.87
Thailand,THA,2007,111.91
Thailand,THA,2008,110.74
Thailand,THA,2009,114.22
Thailand,THA,2010,114.27
Thailand,THA,2011,122.92
Thailand,THA,2012,131.62
Thailand,THA,2013,129.66
Thailand,THA,2014,126.31
Thailand,THA,2015,118.77
Thailand,THA,2016,114.55
Tonga,TON,1990,92.93
Tonga,TON,1991,93.39
Tonga,TON,1992,91.85
Tonga,TON,1993,133.07
Tonga,TON,1994,105.04
Tonga,TON,1995,93.26
Tonga,TON,1996,92.56
Tonga,TON,1997,90.25
Tonga,TON,1998,88.92
Tonga,TON,1999,97.2
Tonga,TON,2000,93.96
Tonga,TON,2001,95.84
Tonga,TON,2002,98.23
Tonga,TON,2003,97.07
Tonga,TON,2004,97.47
Tonga,TON,2005,97.27
Tonga,TON,2006,105.26
Tonga,TON,2007,140.48
Tonga,TON,2008,134.91
Tonga,TON,2009,137.35
Tonga,TON,2010,135.37
Tonga,TON,2011,137.31
Tonga,TON,2012,135.47
Tonga,TON,2013,134.05
Tonga,TON,2014,135.17
Tonga,TON,2015,140.05
Tonga,TON,2016,137.98
Turkey,TUR,1990,79.54
Turkey,TUR,1991,80.74
Turkey,TUR,1992,81.13
Turkey,TUR,1993,81.08
Turkey,TUR,1994,82.66
Turkey,TUR,1995,82.12
Turkey,TUR,1996,87.33
Turkey,TUR,1997,84.56
Turkey,TUR,1998,94.19
Turkey,TUR,1999,89.88
Turkey,TUR,2000,94.23
Turkey,TUR,2001,86.92
Turkey,TUR,2002,92.46
Turkey,TUR,2003,93.7
Turkey,TUR,2004,94.3
Turkey,TUR,2005,101.67
Turkey,TUR,2006,104.03
Turkey,TUR,2007,100.4
Turkey,TUR,2008,105.36
Turkey,TUR,2009,108.82
Turkey,TUR,2010,113.44
Turkey,TUR,2011,119.05
Turkey,TUR,2012,126.46
Turkey,TUR,2013,129.73
Turkey,TUR,2014,126.42
Turkey,TUR,2015,133.66
Turkey,TUR,2016,134.45
Tanzania,TZA,1990,64.26
Tanzania,TZA,1991,66.04
Tanzania,TZA,1992,64.28
Tanzania,TZA,1993,65.71
Tanzania,TZA,1994,64.43
Tanzania,TZA,1995,69.47
Tanzania,TZA,1996,69.36
Tanzania,TZA,1997,66.57
Tanzania,TZA,1998,72.64
Tanzania,TZA,1999,75.25
Tanzania,TZA,2000,73.88
Tanzania,TZA,2001,76.89
Tanzania,TZA,2002,94.02
Tanzania,TZA,2003,82.82
Tanzania,TZA,2004,95.2
Tanzania,TZA,2005,96.79
Tanzania,TZA,2006,108.01
Tanzania,TZA,2007,107.78
Tanzania,TZA,2008,108.05
Tanzania,TZA,2009,111.78
Tanzania,TZA,2010,129.17
Tanzania,TZA,2011,138.25
Tanzania,TZA,2012,147.42
Tanzania,TZA,2013,172.63
Tanzania,TZA,2014,187.45
Tanzania,TZA,2015,194.28
Tanzania,TZA,2016,168.95
United States,USA,1990,77.94
United States,USA,1991,77.15
United States,USA,1992,84.23
United States,USA,1993,76.98
United States,USA,1994,89.19
United States,USA,1995,83.89
United States,USA,1996,87.78
United States,USA,1997,91.18
United States,USA,1998,92.09
United States,USA,1999,93.72
United States,USA,2000,95.96
United States,USA,2001,93.67
United States,USA,2002,94.09
United States,USA,2003,95.66
United States,USA,2004,100.53
United States,USA,2005,99.3
United States,USA,2006,100.18
United States,USA,2007,104.84
United States,USA,2008,107.59
United States,USA,2009,109.89
United States,USA,2010,110.27
United States,USA,2011,109.06
United States,USA,2012,107.97
United States,USA,2013,113.51
United States,USA,2014,117.03
United States,USA,2015,116.61
United States,USA,2016,122.32
Vietnam,VNM,1990,49.2
Vietnam,VNM,1991,49.82
Vietnam,VNM,1992,53.8
Vietnam,VNM,1993,56.28
Vietnam,VNM,1994,58.72
Vietnam,VNM,1995,61.82
Vietnam,VNM,1996,65.07
Vietnam,VNM,1997,67.99
Vietnam,VNM,1998,71.14
Vietnam,VNM,1999,75.73
Vietnam,VNM,2000,76.87
Vietnam,VNM,2001,81.57
Vietnam,VNM,2002,88.18
Vietnam,VNM,2003,91.89
Vietnam,VNM,2004,96.34
Vietnam,VNM,2005,100.24
Vietnam,VNM,2006,103.42
Vietnam,VNM,2007,107.4
Vietnam,VNM,2008,113.45
Vietnam,VNM,2009,115.89
Vietnam,VNM,2010,118.59
Vietnam,VNM,2011,123.12
Vietnam,VNM,2012,131.57
Vietnam,VNM,2013,132.92
Vietnam,VNM,2014,135.58
Vietnam,VNM,2015,138.67
Vietnam,VNM,2016,136.18
Vanuatu,VUT,1990,113.37
Vanuatu,VUT,1991,98.46
Vanuatu,VUT,1992,95.9
Vanuatu,VUT,1993,97.18
Vanuatu,VUT,1994,98.95
Vanuatu,VUT,1995,102.0
Vanuatu,VUT,1996,103.56
Vanuatu,VUT,1997,120.37
Vanuatu,VUT,1998,123.73
Vanuatu,VUT,1999,104.89
Vanuatu,VUT,2000,100.06
Vanuatu,VUT,2001,100.79
Vanuatu,VUT,2002,91.92
Vanuatu,VUT,2003,96.43
Vanuatu,VUT,2004,98.5
Vanuatu,VUT,2005,100.36
Vanuatu,VUT,2006,101.14
Vanuatu,VUT,2007,103.65
Vanuatu,VUT,2008,106.21
Vanuatu,VUT,2009,103.72
Vanuatu,VUT,2010,128.58
Vanuatu,VUT,2011,125.06
Vanuatu,VUT,2012,126.78
Vanuatu,VUT,2013,134.44
Vanuatu,VUT,2014,122.63
Vanuatu,VUT,2015,122.86
Vanuatu,VUT,2016,124.05
Samoa,WSM,1990,91.03
Samoa,WSM,1991,74.79
Samoa,WSM,1992,75.48
Samoa,WSM,1993,73.84
Samoa,WSM,1994,74.31
Samoa,WSM,1995,83.13
Samoa,WSM,1996,88.47
Samoa,WSM,1997,90.23
Samoa,WSM,1998,92.83
Samoa,WSM,1999,89.76
Samoa,WSM,2000,92.6
Samoa,WSM,2001,96.01
Samoa,WSM,2002,97.37
Samoa,WSM,2003,98.95
Samoa,WSM,2004,99.13
Samoa,WSM,2005,101.21
Samoa,WSM,2006,99.66
Samoa,WSM,2007,98.74
Samoa,WSM,2008,101.14
Samoa,WSM,2009,106.4
Samoa,WSM,2010,106.36
Samoa,WSM,2011,108.96
Samoa,WSM,2012,111.4
Samoa,WSM,2013,113.08
Samoa,WSM,2014,114.32
Samoa,WSM,2015,119.02
Samoa,WSM,2016,117.68
South Africa,ZAF,1990,79.57
South Africa,ZAF,1991,81.71
South Africa,ZAF,1992,69.38
South Africa,ZAF,1993,78.57
South Africa,ZAF,1994,82.96
South Africa,ZAF,1995,70.91
South Africa,ZAF,1996,85.26
South Africa,ZAF,1997,85.88
South Africa,ZAF,1998,80.66
South Africa,ZAF,1999,86.95
South Africa,ZAF,2000,95.47
South Africa,ZAF,2001,88.71
South Africa,ZAF,2002,96.45
South Africa,ZAF,2003,96.9
South Africa,ZAF,2004,98.19
South Africa,ZAF,2005,102.85
South Africa,ZAF,2006,98.96
South Africa,ZAF,2007,101.74
South Africa,ZAF,2008,118.24
South Africa,ZAF,2009,116.5
South Africa,ZAF,2010,117.58
South Africa,ZAF,2011,116.13
South Africa,ZAF,2012,119.47
South Africa,ZAF,2013,123.17
South Africa,ZAF,2014,126.7
South Africa,ZAF,2015,122.05
South Africa,ZAF,2016,116.66
